priority,symbol,identifier,open,dayHigh,dayLow,lastPrice,previousClose,change,pChange,ffmc,yearHigh,yearLow,totalTradedVolume,stockIndClosePrice,totalTradedValue,lastUpdateTime,nearWKH,nearWKL,perChange365d,date365dAgo,chart365dPath,date30dAgo,perChange30d,chart30dPath,chartTodayPath,series,meta
1,NIFTY 50,NIFTY 50,23150.3,23306.5,23145.8,23250.1,23332.35,-82.25,-0.35,1048522883.18,26277.35,21281.45,283196379,0,235012375040.04,03-Apr-2025 16:00:00,11.52037781587565,-9.250544488274988,3.92,02-Apr-2024,https://nsearchives.nseindia.com/365d/NIFTY-50.svg,03-Mar-2025,5.48,https://nsearchives.nseindia.com/30d/NIFTY-50.svg,https://nsearchives.nseindia.com/today/NIFTY-50.svg,,
0,POWERGRID,POWERGRIDEQN,289.35,299.95,285.1,299.95,286.75,13.2,4.6,1355768555544.01,366.25,247.3,23478876,0,6949277718.48,,18.102389078498295,-21.289931257581877,2.58,02-Apr-2024,https://nsearchives.nseindia.com/365d/POWERGRID-EQ.svg,03-Mar-2025,13.56,https://nsearchives.nseindia.com/30d/POWERGRID-EQ.svg,https://nsearchives.nseindia.com/today/POWERGRIDEQN.svg,EQ,"{'symbol': 'POWERGRID', 'companyName': 'Power Grid Corporation of India Limited', 'industry': 'Power - Transmission', 'activeSeries': ['EQ'], 'debtSeries': [], 'isFNOSec': True, 'isCASec': False, 'isSLBSec': True, 'isDebtSec': True, 'isSuspended': False, 'tempSuspendedSeries': ['IL'], 'isETFSec': False, 'isDelisted': False, 'isin': 'INE752E01010', 'slb_isin': 'INE752E01010', 'listingDate': '2007-10-05', 'isMunicipalBond': False, 'isHybridSymbol': False, 'quotepreopenstatus': {'equityTime': '03-Apr-2025 16:00:00', 'preOpenTime': '03-Apr-2025 09:07:11', 'QuotePreOpenFlag': False}}"
0,SUNPHARMA,SUNPHARMAEQN,1755.0,1812.7,1750.0,1772.0,1713.65,58.35,3.41,1905308934098.98,1960.35,1377.2,5715573,0,10200868911.75,,9.607978167164024,-28.66686029625326,5.63,02-Apr-2024,https://nsearchives.nseindia.com/365d/SUNPHARMA-EQ.svg,03-Mar-2025,8.11,https://nsearchives.nseindia.com/30d/SUNPHARMA-EQ.svg,https://nsearchives.nseindia.com/today/SUNPHARMAEQN.svg,EQ,"{'symbol': 'SUNPHARMA', 'companyName': 'Sun Pharmaceutical Industries Limited', 'industry': 'Pharmaceuticals', 'activeSeries': ['EQ'], 'debtSeries': [], 'isFNOSec': True, 'isCASec': False, 'isSLBSec': True, 'isDebtSec': False, 'isSuspended': False, 'tempSuspendedSeries': ['P1'], 'isETFSec': False, 'isDelisted': False, 'isin': 'INE044A01036', 'slb_isin': 'INE044A01036', 'listingDate': '1995-02-08', 'isMunicipalBond': False, 'isHybridSymbol': False, 'quotepreopenstatus': {'equityTime': '03-Apr-2025 16:00:00', 'preOpenTime': '03-Apr-2025 09:07:11', 'QuotePreOpenFlag': False}}"
0,CIPLA,CIPLAEQN,1482.0,1523.3,1480.0,1500.0,1452.35,47.65,3.28,841568939916.24,1702.05,1317.25,3488899,0,5236802510.01,,11.870979113422049,-13.873600303662935,-2.49,02-Apr-2024,https://nsearchives.nseindia.com/365d/CIPLA-EQ.svg,03-Mar-2025,3.18,https://nsearchives.nseindia.com/30d/CIPLA-EQ.svg,https://nsearchives.nseindia.com/today/CIPLAEQN.svg,EQ,"{'symbol': 'CIPLA', 'companyName': 'Cipla Limited', 'industry': 'Pharmaceuticals', 'activeSeries': ['EQ', 'T0'], 'debtSeries': [], 'isFNOSec': True, 'isCASec': False, 'isSLBSec': True, 'isDebtSec': False, 'isSuspended': False, 'tempSuspendedSeries': [], 'isETFSec': False, 'isDelisted': False, 'isin': 'INE059A01026', 'slb_isin': 'INE059A01026', 'listingDate': '1995-02-08', 'isMunicipalBond': False, 'isHybridSymbol': False, 'quotepreopenstatus': {'equityTime': '03-Apr-2025 16:00:00', 'preOpenTime': '03-Apr-2025 09:07:11', 'QuotePreOpenFlag': False}}"
0,ULTRACEMCO,ULTRACEMCOEQN,11189.0,11650.05,11155.0,11595.1,11250.95,344.15,3.06,1345343192434.79,12145.35,9250.0,361884,0,4164702206.76,,4.530540494921925,-25.352432432432437,12.08,02-Apr-2024,https://nsearchives.nseindia.com/365d/ULTRACEMCO-EQ.svg,03-Mar-2025,8.8,https://nsearchives.nseindia.com/30d/ULTRACEMCO-EQ.svg,https://nsearchives.nseindia.com/today/ULTRACEMCOEQN.svg,EQ,"{'symbol': 'ULTRACEMCO', 'companyName': 'UltraTech Cement Limited', 'industry': 'Cement & Cement Products', 'activeSeries': ['EQ'], 'debtSeries': [], 'isFNOSec': True, 'isCASec': False, 'isSLBSec': True, 'isDebtSec': True, 'isSuspended': False, 'tempSuspendedSeries': [], 'isETFSec': False, 'isDelisted': False, 'isin': 'INE481G01011', 'slb_isin': 'INE481G01011', 'listingDate': '2004-08-24', 'isMunicipalBond': False, 'isHybridSymbol': False, 'quotepreopenstatus': {'equityTime': '03-Apr-2025 16:00:00', 'preOpenTime': '03-Apr-2025 09:07:11', 'QuotePreOpenFlag': False}}"
0,SHRIRAMFIN,SHRIRAMFINEQN,633.0,660.55,632.0,654.1,639.4,14.7,2.3,913007246606.18,730.45,438.6,3704676,0,2417449277.04,,10.452460811828328,-49.13360693114455,-74.07,02-Apr-2024,https://nsearchives.nseindia.com/365d/SHRIRAMFIN-EQ.svg,03-Mar-2025,2.91,https://nsearchives.nseindia.com/30d/SHRIRAMFIN-EQ.svg,https://nsearchives.nseindia.com/today/SHRIRAMFINEQN.svg,EQ,"{'symbol': 'SHRIRAMFIN', 'companyName': 'Shriram Finance Limited', 'industry': 'Non Banking Financial Company (NBFC)', 'activeSeries': ['EQ'], 'debtSeries': [], 'isFNOSec': True, 'isCASec': False, 'isSLBSec': True, 'isDebtSec': True, 'isSuspended': False, 'tempSuspendedSeries': ['NY', 'NZ', 'Y1', 'Y2', 'Y3', 'Y4', 'Y5', 'Y6', 'Y7', 'Y8', 'Y9', 'YA', 'YB', 'YC', 'YD', 'YG', 'YH', 'YJ', 'YK', 'YM', 'YN', 'YO', 'YQ', 'YR', 'YT', 'YU', 'YV', 'YX', 'YY', 'Z1', 'Z2', 'Z3', 'Z6', 'Z7', 'ZA', 'ZD', 'ZG', 'ZJ', 'N1', 'N2', 'N3', 'N4', 'N5', 'N6', 'N7', 'N8', 'N9', 'NA', 'NB', 'NC', 'ND', 'NE', 'NF', 'NG', 'NH', 'NI', 'NJ', 'NK', 'NL', 'NM', 'NN', 'NO', 'NP', 'NQ', 'NR', 'NS', 'NT', 'NU', 'NV', 'NW', 'NX'], 'isETFSec': False, 'isDelisted': False, 'isin': 'INE721A01047', 'slb_isin': 'INE721A01047', 'listingDate': '1996-12-11', 'isMunicipalBond': False, 'isHybridSymbol': False, 'quotepreopenstatus': {'equityTime': '03-Apr-2025 16:00:00', 'preOpenTime': '03-Apr-2025 09:07:11', 'QuotePreOpenFlag': False}}"
0,NTPC,NTPCEQN,351.75,361.35,351.75,359.25,351.75,7.5,2.13,1698836147295.39,448.45,292.8,10317410,0,3694251824.6,,19.890734753038238,-22.694672131147538,2.02,02-Apr-2024,https://nsearchives.nseindia.com/365d/NTPC-EQ.svg,03-Mar-2025,11.88,https://nsearchives.nseindia.com/30d/NTPC-EQ.svg,https://nsearchives.nseindia.com/today/NTPCEQN.svg,EQ,"{'symbol': 'NTPC', 'companyName': 'NTPC Limited', 'industry': 'Power Generation', 'activeSeries': ['EQ'], 'debtSeries': [], 'isFNOSec': True, 'isCASec': False, 'isSLBSec': True, 'isDebtSec': True, 'isSuspended': False, 'tempSuspendedSeries': ['N4', 'N1', 'U1', 'U4'], 'isETFSec': False, 'isDelisted': False, 'isin': 'INE733E01010', 'slb_isin': 'INE733E01010', 'listingDate': '2004-11-05', 'isMunicipalBond': False, 'isHybridSymbol': False, 'quotepreopenstatus': {'equityTime': '03-Apr-2025 16:00:00', 'preOpenTime': '03-Apr-2025 09:07:11', 'QuotePreOpenFlag': False}}"
0,ADANIENT,ADANIENTEQN,2339.75,2429.9,2339.7,2414.0,2369.4,44.6,1.88,627046503531.74,3743.9,2025.0,1023200,0,2459711408.0,,35.52178209888085,-19.209876543209877,-27.51,02-Apr-2024,https://nsearchives.nseindia.com/365d/ADANIENT-EQ.svg,03-Mar-2025,11.92,https://nsearchives.nseindia.com/30d/ADANIENT-EQ.svg,https://nsearchives.nseindia.com/today/ADANIENTEQN.svg,EQ,"{'symbol': 'ADANIENT', 'companyName': 'Adani Enterprises Limited', 'industry': 'Trading - Minerals', 'activeSeries': ['EQ'], 'debtSeries': [], 'isFNOSec': True, 'isCASec': False, 'isSLBSec': True, 'isDebtSec': True, 'isSuspended': False, 'tempSuspendedSeries': [], 'isETFSec': False, 'isDelisted': False, 'isin': 'INE423A01024', 'slb_isin': 'INE423A01024', 'listingDate': '1997-06-04', 'isMunicipalBond': False, 'isHybridSymbol': False, 'quotepreopenstatus': {'equityTime': '03-Apr-2025 16:00:00', 'preOpenTime': '03-Apr-2025 09:07:11', 'QuotePreOpenFlag': False}}"
0,BEL,BELEQN,283.0,288.25,282.6,287.5,282.4,5.1,1.81,1026881750276.28,340.5,212.6,20968721,0,5997054206.0,,15.565345080763583,-35.2304797742239,27.78,02-Apr-2024,https://nsearchives.nseindia.com/365d/BEL-EQ.svg,03-Mar-2025,9.72,https://nsearchives.nseindia.com/30d/BEL-EQ.svg,https://nsearchives.nseindia.com/today/BELEQN.svg,EQ,"{'symbol': 'BEL', 'companyName': 'Bharat Electronics Limited', 'industry': 'Aerospace & Defense', 'activeSeries': ['EQ'], 'debtSeries': [], 'isFNOSec': True, 'isCASec': False, 'isSLBSec': True, 'isDebtSec': False, 'isSuspended': False, 'tempSuspendedSeries': [], 'isETFSec': False, 'isDelisted': False, 'isin': 'INE263A01024', 'slb_isin': 'INE263A01024', 'listingDate': '2000-07-19', 'isMunicipalBond': False, 'isHybridSymbol': False, 'quotepreopenstatus': {'equityTime': '03-Apr-2025 16:00:00', 'preOpenTime': '03-Apr-2025 09:07:11', 'QuotePreOpenFlag': False}}"
0,ASIANPAINT,ASIANPAINTEQN,2295.0,2354.9,2289.8,2347.7,2306.65,41.05,1.78,1059063631204.88,3394.9,2124.75,608846,0,1424437836.22,,30.846269404106167,-10.492999176373683,-19.75,02-Apr-2024,https://nsearchives.nseindia.com/365d/ASIANPAINT-EQ.svg,03-Mar-2025,6.47,https://nsearchives.nseindia.com/30d/ASIANPAINT-EQ.svg,https://nsearchives.nseindia.com/today/ASIANPAINTEQN.svg,EQ,"{'symbol': 'ASIANPAINT', 'companyName': 'Asian Paints Limited', 'industry': 'Paints', 'activeSeries': ['EQ'], 'debtSeries': [], 'isFNOSec': True, 'isCASec': False, 'isSLBSec': True, 'isDebtSec': False, 'isSuspended': False, 'tempSuspendedSeries': [], 'isETFSec': False, 'isDelisted': False, 'isin': 'INE021A01026', 'slb_isin': 'INE021A01026', 'listingDate': '1995-05-31', 'isMunicipalBond': False, 'isHybridSymbol': False, 'quotepreopenstatus': {'equityTime': '03-Apr-2025 16:00:00', 'preOpenTime': '03-Apr-2025 09:07:11', 'QuotePreOpenFlag': False}}"
0,GRASIM,GRASIMEQN,2595.1,2664.0,2595.1,2652.0,2616.5,35.5,1.36,1015216632261.8,2877.75,2171.6,298330,0,788626405.1,,7.844670315350534,-22.121937741757232,13.45,02-Apr-2024,https://nsearchives.nseindia.com/365d/GRASIM-EQ.svg,03-Mar-2025,10.05,https://nsearchives.nseindia.com/30d/GRASIM-EQ.svg,https://nsearchives.nseindia.com/today/GRASIMEQN.svg,EQ,"{'symbol': 'GRASIM', 'companyName': 'Grasim Industries Limited', 'industry': 'Cement & Cement Products', 'activeSeries': ['EQ'], 'debtSeries': [], 'isFNOSec': True, 'isCASec': False, 'isSLBSec': True, 'isDebtSec': False, 'isSuspended': False, 'tempSuspendedSeries': ['IL'], 'isETFSec': False, 'isDelisted': False, 'isin': 'INE047A01021', 'slb_isin': 'INE047A01021', 'listingDate': '1995-05-10', 'isMunicipalBond': False, 'isHybridSymbol': False, 'quotepreopenstatus': {'equityTime': '03-Apr-2025 16:00:00', 'preOpenTime': '03-Apr-2025 09:07:11', 'QuotePreOpenFlag': False}}"
0,NESTLEIND,NESTLEINDEQN,2198.05,2249.05,2195.0,2240.0,2210.7,29.3,1.33,800985361953.64,2778.0,2110.0,317858,0,708162195.36,,19.366450683945285,-6.161137440758294,-15.73,02-Apr-2024,https://nsearchives.nseindia.com/365d/NESTLEIND-EQ.svg,03-Mar-2025,1.15,https://nsearchives.nseindia.com/30d/NESTLEIND-EQ.svg,https://nsearchives.nseindia.com/today/NESTLEINDEQN.svg,EQ,"{'symbol': 'NESTLEIND', 'companyName': 'Nestle India Limited', 'industry': 'Packaged Foods', 'activeSeries': ['EQ', 'T0'], 'debtSeries': [], 'isFNOSec': True, 'isCASec': False, 'isSLBSec': True, 'isDebtSec': False, 'isSuspended': False, 'tempSuspendedSeries': [], 'isETFSec': False, 'isDelisted': False, 'isin': 'INE239A01024', 'slb_isin': 'INE239A01024', 'listingDate': '2023-08-01', 'isMunicipalBond': False, 'isHybridSymbol': False, 'quotepreopenstatus': {'equityTime': '03-Apr-2025 16:00:00', 'preOpenTime': '03-Apr-2025 09:07:11', 'QuotePreOpenFlag': False}}"
0,INDUSINDBK,INDUSINDBKEQN,694.95,714.7,693.5,708.6,702.45,6.15,0.88,465381281950.28,1576.35,606.0,6972769,0,4933094612.12,,55.04805404891045,-16.930693069306933,-54.95,02-Apr-2024,https://nsearchives.nseindia.com/365d/INDUSINDBK-EQ.svg,03-Mar-2025,-28.61,https://nsearchives.nseindia.com/30d/INDUSINDBK-EQ.svg,https://nsearchives.nseindia.com/today/INDUSINDBKEQN.svg,EQ,"{'symbol': 'INDUSINDBK', 'companyName': 'IndusInd Bank Limited', 'industry': 'Private Sector Bank', 'activeSeries': ['EQ'], 'debtSeries': [], 'isFNOSec': True, 'isCASec': False, 'isSLBSec': True, 'isDebtSec': False, 'isSuspended': False, 'tempSuspendedSeries': ['IL'], 'isETFSec': False, 'isDelisted': False, 'isin': 'INE095A01012', 'slb_isin': 'INE095A01012', 'listingDate': '1998-01-28', 'isMunicipalBond': False, 'isHybridSymbol': False, 'quotepreopenstatus': {'equityTime': '03-Apr-2025 16:00:00', 'preOpenTime': '03-Apr-2025 09:07:11', 'QuotePreOpenFlag': False}}"
0,TITAN,TITANEQN,3071.0,3151.0,3068.0,3125.0,3098.45,26.55,0.86,1285372868760.75,3867.0,2971.15,1115568,0,3491259301.44,,19.188001034393587,-5.178129680426768,-17.51,02-Apr-2024,https://nsearchives.nseindia.com/365d/TITAN-EQ.svg,03-Mar-2025,0.53,https://nsearchives.nseindia.com/30d/TITAN-EQ.svg,https://nsearchives.nseindia.com/today/TITANEQN.svg,EQ,"{'symbol': 'TITAN', 'companyName': 'Titan Company Limited', 'industry': 'Gems Jewellery And Watches', 'activeSeries': ['EQ'], 'debtSeries': [], 'isFNOSec': True, 'isCASec': False, 'isSLBSec': True, 'isDebtSec': False, 'isSuspended': False, 'tempSuspendedSeries': ['N1', 'IL'], 'isETFSec': False, 'isDelisted': False, 'isin': 'INE280A01028', 'slb_isin': 'INE280A01028', 'listingDate': '2004-09-24', 'isMunicipalBond': False, 'isHybridSymbol': False, 'quotepreopenstatus': {'equityTime': '03-Apr-2025 16:00:00', 'preOpenTime': '03-Apr-2025 09:07:11', 'QuotePreOpenFlag': False}}"
0,TATACONSUM,TATACONSUMEQN,1049.9,1075.25,1048.1,1068.65,1062.7,5.95,0.56,694012041373.18,1250.1,882.9,1595000,0,1704321300.0,,14.514838812894954,-21.03862272057992,-6.05,02-Apr-2024,https://nsearchives.nseindia.com/365d/TATACONSUM-EQ.svg,03-Mar-2025,11.41,https://nsearchives.nseindia.com/30d/TATACONSUM-EQ.svg,https://nsearchives.nseindia.com/today/TATACONSUMEQN.svg,EQ,"{'symbol': 'TATACONSUM', 'companyName': 'TATA CONSUMER PRODUCTS LIMITED', 'industry': 'Tea & Coffee', 'activeSeries': ['EQ'], 'debtSeries': [], 'isFNOSec': True, 'isCASec': False, 'isSLBSec': True, 'isDebtSec': False, 'isSuspended': False, 'tempSuspendedSeries': [], 'isETFSec': False, 'isDelisted': False, 'isin': 'INE192A01025', 'slb_isin': 'INE192A01025', 'listingDate': '1998-11-18', 'isMunicipalBond': False, 'isHybridSymbol': False, 'quotepreopenstatus': {'equityTime': '03-Apr-2025 16:00:00', 'preOpenTime': '03-Apr-2025 09:07:11', 'QuotePreOpenFlag': False}}"
0,SBIN,SBINEQN,770.0,784.7,769.95,779.9,775.95,3.95,0.51,2988200789150.27,912.0,680.0,7956680,0,6193797979.2,,14.484649122807019,-14.691176470588232,1.25,02-Apr-2024,https://nsearchives.nseindia.com/365d/SBIN-EQ.svg,03-Mar-2025,11.6,https://nsearchives.nseindia.com/30d/SBIN-EQ.svg,https://nsearchives.nseindia.com/today/SBINEQN.svg,EQ,"{'symbol': 'SBIN', 'companyName': 'State Bank of India', 'industry': 'Public Sector Bank', 'activeSeries': ['EQ', 'T0'], 'debtSeries': [], 'isFNOSec': True, 'isCASec': False, 'isSLBSec': True, 'isDebtSec': True, 'isSuspended': False, 'tempSuspendedSeries': ['N4', 'N1', 'N3', 'IL', 'N2', 'N6', 'N5'], 'isETFSec': False, 'isDelisted': False, 'isin': 'INE062A01020', 'slb_isin': 'INE062A01020', 'listingDate': '1995-03-01', 'isMunicipalBond': False, 'isHybridSymbol': False, 'quotepreopenstatus': {'equityTime': '03-Apr-2025 16:00:00', 'preOpenTime': '03-Apr-2025 09:07:11', 'QuotePreOpenFlag': False}}"
0,AXISBANK,AXISBANKEQN,1078.9,1091.95,1075.3,1089.9,1084.45,5.45,0.5,3106395018635.82,1339.65,933.5,5345660,0,5818002517.6,,18.642929123278467,-16.754151044456357,3.56,02-Apr-2024,https://nsearchives.nseindia.com/365d/AXISBANK-EQ.svg,03-Mar-2025,7.66,https://nsearchives.nseindia.com/30d/AXISBANK-EQ.svg,https://nsearchives.nseindia.com/today/AXISBANKEQN.svg,EQ,"{'symbol': 'AXISBANK', 'companyName': 'Axis Bank Limited', 'industry': 'Private Sector Bank', 'activeSeries': ['EQ'], 'debtSeries': [], 'isFNOSec': True, 'isCASec': False, 'isSLBSec': True, 'isDebtSec': True, 'isSuspended': False, 'tempSuspendedSeries': ['IL'], 'isETFSec': False, 'isDelisted': False, 'isin': 'INE238A01034', 'slb_isin': 'INE238A01034', 'listingDate': '1998-11-16', 'isMunicipalBond': False, 'isHybridSymbol': False, 'quotepreopenstatus': {'equityTime': '03-Apr-2025 16:00:00', 'preOpenTime': '03-Apr-2025 09:07:11', 'QuotePreOpenFlag': False}}"
0,ADANIPORTS,ADANIPORTSEQN,1170.25,1205.8,1170.25,1201.3,1195.45,5.85,0.49,884110548388.84,1621.4,995.65,1300511,0,1554643854.51,,25.90970766004688,-20.654848591372467,-14.86,02-Apr-2024,https://nsearchives.nseindia.com/365d/ADANIPORTS-EQ.svg,03-Mar-2025,13.52,https://nsearchives.nseindia.com/30d/ADANIPORTS-EQ.svg,https://nsearchives.nseindia.com/today/ADANIPORTSEQN.svg,EQ,"{'symbol': 'ADANIPORTS', 'companyName': 'Adani Ports and Special Economic Zone Limited', 'industry': 'Port & Port services', 'activeSeries': ['EQ'], 'debtSeries': [], 'isFNOSec': True, 'isCASec': False, 'isSLBSec': True, 'isDebtSec': False, 'isSuspended': False, 'tempSuspendedSeries': [], 'isETFSec': False, 'isDelisted': False, 'isin': 'INE742F01042', 'slb_isin': 'INE742F01042', 'listingDate': '2007-11-27', 'isMunicipalBond': False, 'isHybridSymbol': False, 'quotepreopenstatus': {'equityTime': '03-Apr-2025 16:00:00', 'preOpenTime': '03-Apr-2025 09:07:11', 'QuotePreOpenFlag': False}}"
0,JIOFIN,JIOFINEQN,227.0,231.79,226.5,230.64,229.78,0.86,0.37,753442598124.64,394.7,198.65,11752612,0,2701572920.44,,41.56574613630605,-16.103699974830093,-35.65,02-Apr-2024,https://nsearchives.nseindia.com/365d/JIOFIN-EQ.svg,03-Mar-2025,14.36,https://nsearchives.nseindia.com/30d/JIOFIN-EQ.svg,https://nsearchives.nseindia.com/today/JIOFINEQN.svg,EQ,"{'symbol': 'JIOFIN', 'companyName': 'Jio Financial Services Limited', 'industry': 'Investment Company', 'activeSeries': ['EQ'], 'debtSeries': [], 'isFNOSec': True, 'isCASec': False, 'isSLBSec': True, 'isDebtSec': False, 'isSuspended': False, 'tempSuspendedSeries': [], 'isETFSec': False, 'isDelisted': False, 'isin': 'INE758E01017', 'slb_isin': 'INE758E01017', 'listingDate': '2023-08-21', 'isMunicipalBond': False, 'isHybridSymbol': False, 'quotepreopenstatus': {'equityTime': '03-Apr-2025 16:00:00', 'preOpenTime': '03-Apr-2025 09:07:11', 'QuotePreOpenFlag': False}}"
0,EICHERMOT,EICHERMOTEQN,5265.0,5408.3,5265.0,5372.5,5355.5,17.0,0.32,736343640606.26,5575.5,3886.1,224286,0,1205911807.62,,3.640929064657878,-38.24914438640282,36.54,02-Apr-2024,https://nsearchives.nseindia.com/365d/EICHERMOT-EQ.svg,03-Mar-2025,9.15,https://nsearchives.nseindia.com/30d/EICHERMOT-EQ.svg,https://nsearchives.nseindia.com/today/EICHERMOTEQN.svg,EQ,"{'symbol': 'EICHERMOT', 'companyName': 'Eicher Motors Limited', 'industry': '2/3 Wheelers', 'activeSeries': ['EQ'], 'debtSeries': [], 'isFNOSec': True, 'isCASec': False, 'isSLBSec': True, 'isDebtSec': False, 'isSuspended': False, 'tempSuspendedSeries': [], 'isETFSec': False, 'isDelisted': False, 'isin': 'INE066A01021', 'slb_isin': 'INE066A01021', 'listingDate': '2004-09-07', 'isMunicipalBond': False, 'isHybridSymbol': False, 'quotepreopenstatus': {'equityTime': '03-Apr-2025 16:00:00', 'preOpenTime': '03-Apr-2025 09:07:11', 'QuotePreOpenFlag': False}}"
0,HINDUNILVR,HINDUNILVREQN,2225.45,2252.9,2220.6,2241.65,2237.9,3.75,0.17,1984080104686.31,3035.0,2136.0,1310088,0,2935212861.36,,26.140032948929154,-4.9461610486891425,-2.13,02-Apr-2024,https://nsearchives.nseindia.com/365d/HINDUNILVR-EQ.svg,03-Mar-2025,2.8,https://nsearchives.nseindia.com/30d/HINDUNILVR-EQ.svg,https://nsearchives.nseindia.com/today/HINDUNILVREQN.svg,EQ,"{'symbol': 'HINDUNILVR', 'companyName': 'Hindustan Unilever Limited', 'industry': 'Diversified FMCG', 'activeSeries': ['EQ'], 'debtSeries': [], 'isFNOSec': True, 'isCASec': False, 'isSLBSec': True, 'isDebtSec': False, 'isSuspended': False, 'tempSuspendedSeries': [], 'isETFSec': False, 'isDelisted': False, 'isin': 'INE030A01027', 'slb_isin': 'INE030A01027', 'listingDate': '1995-07-06', 'isMunicipalBond': False, 'isHybridSymbol': False, 'quotepreopenstatus': {'equityTime': '03-Apr-2025 16:00:00', 'preOpenTime': '03-Apr-2025 09:07:11', 'QuotePreOpenFlag': False}}"
0,DRREDDY,DRREDDYEQN,1190.5,1226.9,1149.05,1151.8,1150.0,1.8,0.16,700700994856.66,1421.49,1092.45,6324685,0,7471350390.5,,18.972345918719096,-5.432742917295977,-81.56,02-Apr-2024,https://nsearchives.nseindia.com/365d/DRREDDY-EQ.svg,03-Mar-2025,2.72,https://nsearchives.nseindia.com/30d/DRREDDY-EQ.svg,https://nsearchives.nseindia.com/today/DRREDDYEQN.svg,EQ,"{'symbol': 'DRREDDY', 'companyName': ""Dr. Reddy's Laboratories Limited"", 'industry': 'Pharmaceuticals', 'activeSeries': ['EQ'], 'debtSeries': [], 'isFNOSec': True, 'isCASec': False, 'isSLBSec': True, 'isDebtSec': False, 'isSuspended': False, 'tempSuspendedSeries': ['N1'], 'isETFSec': False, 'isDelisted': False, 'isin': 'INE089A01031', 'slb_isin': 'INE089A01031', 'listingDate': '2003-05-30', 'isMunicipalBond': False, 'isHybridSymbol': False, 'quotepreopenstatus': {'equityTime': '03-Apr-2025 16:00:00', 'preOpenTime': '03-Apr-2025 09:07:11', 'QuotePreOpenFlag': False}}"
0,ITC,ITCEQN,407.05,410.2,406.7,409.0,409.05,-0.05,-0.01,3796915527828.31,528.5,391.2,7059566,0,2886868324.38,,22.61116367076632,-4.550102249488756,-3.95,02-Apr-2024,https://nsearchives.nseindia.com/365d/ITC-EQ.svg,03-Mar-2025,2.92,https://nsearchives.nseindia.com/30d/ITC-EQ.svg,https://nsearchives.nseindia.com/today/ITCEQN.svg,EQ,"{'symbol': 'ITC', 'companyName': 'ITC Limited', 'industry': 'Diversified FMCG', 'activeSeries': ['EQ'], 'debtSeries': [], 'isFNOSec': True, 'isCASec': False, 'isSLBSec': True, 'isDebtSec': False, 'isSuspended': False, 'tempSuspendedSeries': [], 'isETFSec': False, 'isDelisted': False, 'isin': 'INE154A01025', 'slb_isin': 'INE154A01025', 'listingDate': '1995-08-23', 'isMunicipalBond': False, 'isHybridSymbol': False, 'quotepreopenstatus': {'equityTime': '03-Apr-2025 16:00:00', 'preOpenTime': '03-Apr-2025 09:07:11', 'QuotePreOpenFlag': False}}"
0,LT,LTEQN,3400.0,3463.0,3393.0,3419.0,3419.9,-0.9,-0.03,4002774582613.22,3963.5,3141.0,1200631,0,4121418040.01,,13.737857953828687,-8.850684495383636,-10.18,02-Apr-2024,https://nsearchives.nseindia.com/365d/LT-EQ.svg,03-Mar-2025,6.96,https://nsearchives.nseindia.com/30d/LT-EQ.svg,https://nsearchives.nseindia.com/today/LTEQN.svg,EQ,"{'symbol': 'LT', 'companyName': 'Larsen & Toubro Limited', 'industry': 'Civil Construction', 'activeSeries': ['EQ'], 'debtSeries': [], 'isFNOSec': True, 'isCASec': False, 'isSLBSec': True, 'isDebtSec': True, 'isSuspended': False, 'tempSuspendedSeries': [], 'isETFSec': False, 'isDelisted': False, 'isin': 'INE018A01030', 'slb_isin': 'INE018A01030', 'listingDate': '2004-06-23', 'isMunicipalBond': False, 'isHybridSymbol': False, 'quotepreopenstatus': {'equityTime': '03-Apr-2025 16:00:00', 'preOpenTime': '03-Apr-2025 09:07:11', 'QuotePreOpenFlag': False}}"
0,ICICIBANK,ICICIBANKEQN,1321.95,1333.0,1321.25,1328.95,1331.25,-2.3,-0.17,9354787013223.56,1373.0,1048.1,4591008,0,6099613228.8,,3.2083029861616863,-26.79610724167543,23.13,02-Apr-2024,https://nsearchives.nseindia.com/365d/ICICIBANK-EQ.svg,03-Mar-2025,10.37,https://nsearchives.nseindia.com/30d/ICICIBANK-EQ.svg,https://nsearchives.nseindia.com/today/ICICIBANKEQN.svg,EQ,"{'symbol': 'ICICIBANK', 'companyName': 'ICICI Bank Limited', 'industry': 'Private Sector Bank', 'activeSeries': ['EQ'], 'debtSeries': [], 'isFNOSec': True, 'isCASec': False, 'isSLBSec': True, 'isDebtSec': True, 'isSuspended': False, 'tempSuspendedSeries': ['E2', 'IL'], 'isETFSec': False, 'isDelisted': False, 'isin': 'INE090A01021', 'slb_isin': 'INE090A01021', 'listingDate': '1997-09-17', 'isMunicipalBond': False, 'isHybridSymbol': False, 'quotepreopenstatus': {'equityTime': '03-Apr-2025 16:00:00', 'preOpenTime': '03-Apr-2025 09:07:11', 'QuotePreOpenFlag': False}}"
0,COALINDIA,COALINDIAEQN,395.0,400.0,393.2,396.8,397.5,-0.7,-0.18,898827753904.26,543.55,349.25,4970602,0,1974770468.58,,26.998436206420745,-13.614889047959917,-10.31,02-Apr-2024,https://nsearchives.nseindia.com/365d/COALINDIA-EQ.svg,03-Mar-2025,10.31,https://nsearchives.nseindia.com/30d/COALINDIA-EQ.svg,https://nsearchives.nseindia.com/today/COALINDIAEQN.svg,EQ,"{'symbol': 'COALINDIA', 'companyName': 'Coal India Limited', 'industry': 'Coal', 'activeSeries': ['EQ'], 'debtSeries': [], 'isFNOSec': True, 'isCASec': False, 'isSLBSec': True, 'isDebtSec': False, 'isSuspended': False, 'tempSuspendedSeries': [], 'isETFSec': False, 'isDelisted': False, 'isin': 'INE522F01014', 'slb_isin': 'INE522F01014', 'listingDate': '2010-11-04', 'isMunicipalBond': False, 'isHybridSymbol': False, 'quotepreopenstatus': {'equityTime': '03-Apr-2025 16:00:00', 'preOpenTime': '03-Apr-2025 09:07:11', 'QuotePreOpenFlag': False}}"
0,RELIANCE,RELIANCEEQN,1233.05,1251.8,1233.05,1248.5,1251.15,-2.65,-0.21,8436078172465.99,1608.8,1156.0,7434366,0,9265524689.46,,22.395574341123815,-8.001730103806228,-57.93,02-Apr-2024,https://nsearchives.nseindia.com/365d/RELIANCE-EQ.svg,03-Mar-2025,6.82,https://nsearchives.nseindia.com/30d/RELIANCE-EQ.svg,https://nsearchives.nseindia.com/today/RELIANCEEQN.svg,EQ,"{'symbol': 'RELIANCE', 'companyName': 'Reliance Industries Limited', 'industry': 'Refineries & Marketing', 'activeSeries': ['EQ'], 'debtSeries': [], 'isFNOSec': True, 'isCASec': False, 'isSLBSec': True, 'isDebtSec': False, 'isSuspended': False, 'tempSuspendedSeries': [], 'isETFSec': False, 'isDelisted': False, 'isin': 'INE002A01018', 'slb_isin': 'INE002A01018', 'listingDate': '1995-11-29', 'isMunicipalBond': False, 'isHybridSymbol': False, 'quotepreopenstatus': {'equityTime': '03-Apr-2025 16:00:00', 'preOpenTime': '03-Apr-2025 09:07:11', 'QuotePreOpenFlag': False}}"
0,HDFCBANK,HDFCBANKEQN,1781.1,1804.0,1777.0,1792.8,1796.9,-4.1,-0.23,13601976806732.05,1880.0,1426.8,5625019,0,10091790337.71,,4.638297872340427,-25.651808242220355,21.4,02-Apr-2024,https://nsearchives.nseindia.com/365d/HDFCBANK-EQ.svg,03-Mar-2025,5.6,https://nsearchives.nseindia.com/30d/HDFCBANK-EQ.svg,https://nsearchives.nseindia.com/today/HDFCBANKEQN.svg,EQ,"{'symbol': 'HDFCBANK', 'companyName': 'HDFC Bank Limited', 'industry': 'Private Sector Bank', 'activeSeries': ['EQ'], 'debtSeries': [], 'isFNOSec': True, 'isCASec': False, 'isSLBSec': True, 'isDebtSec': True, 'isSuspended': False, 'tempSuspendedSeries': ['W3', 'IL'], 'isETFSec': False, 'isDelisted': False, 'isin': 'INE040A01034', 'slb_isin': 'INE040A01034', 'listingDate': '1995-11-08', 'isMunicipalBond': False, 'isHybridSymbol': False, 'quotepreopenstatus': {'equityTime': '03-Apr-2025 16:00:00', 'preOpenTime': '03-Apr-2025 09:07:11', 'QuotePreOpenFlag': False}}"
0,TRENT,TRENTEQN,5630.0,5751.0,5610.0,5666.0,5682.5,-16.5,-0.29,1255770129849.0,8345.0,3843.0,960710,0,5476546569.2,,32.103055721989215,-47.43689825657039,46.01,02-Apr-2024,https://nsearchives.nseindia.com/365d/TRENT-EQ.svg,03-Mar-2025,14.87,https://nsearchives.nseindia.com/30d/TRENT-EQ.svg,https://nsearchives.nseindia.com/today/TRENTEQN.svg,EQ,"{'symbol': 'TRENT', 'companyName': 'Trent Limited', 'industry': 'Speciality Retail', 'activeSeries': ['EQ', 'T0'], 'debtSeries': [], 'isFNOSec': True, 'isCASec': False, 'isSLBSec': True, 'isDebtSec': False, 'isSuspended': False, 'tempSuspendedSeries': ['N1', 'Q2', 'W1', 'Q1', 'IL'], 'isETFSec': False, 'isDelisted': False, 'isin': 'INE849A01020', 'slb_isin': 'INE849A01020', 'listingDate': '2004-06-07', 'isMunicipalBond': False, 'isHybridSymbol': False, 'quotepreopenstatus': {'equityTime': '03-Apr-2025 16:00:00', 'preOpenTime': '03-Apr-2025 09:07:11', 'QuotePreOpenFlag': False}}"
0,ZOMATO,ZOMATOEQN,208.15,214.0,208.0,211.0,212.03,-1.03,-0.49,1461925337135.76,304.7,146.3,44447473,0,9401085014.23,,30.75155891040367,-44.224196855775794,15.8,02-Apr-2024,https://nsearchives.nseindia.com/365d/ZOMATO-EQ.svg,03-Mar-2025,-4.55,https://nsearchives.nseindia.com/30d/ZOMATO-EQ.svg,https://nsearchives.nseindia.com/today/ZOMATOEQN.svg,EQ,"{'symbol': 'ZOMATO', 'companyName': 'Zomato Limited', 'industry': 'E-Retail/ E-Commerce', 'activeSeries': ['EQ'], 'debtSeries': [], 'isFNOSec': True, 'isCASec': False, 'isSLBSec': True, 'isDebtSec': False, 'isSuspended': False, 'tempSuspendedSeries': [], 'isETFSec': False, 'isDelisted': False, 'isin': 'INE758T01015', 'slb_isin': 'INE758T01015', 'listingDate': '2021-07-23', 'isMunicipalBond': False, 'isHybridSymbol': False, 'quotepreopenstatus': {'equityTime': '03-Apr-2025 16:00:00', 'preOpenTime': '03-Apr-2025 09:07:11', 'QuotePreOpenFlag': False}}"
0,HDFCLIFE,HDFCLIFEEQN,688.5,697.8,675.0,692.45,696.15,-3.7,-0.53,739346157286.81,761.2,511.4,1353987,0,937446439.32,,9.03179190751445,-35.402815799765364,10.17,02-Apr-2024,https://nsearchives.nseindia.com/365d/HDFCLIFE-EQ.svg,03-Mar-2025,12.65,https://nsearchives.nseindia.com/30d/HDFCLIFE-EQ.svg,https://nsearchives.nseindia.com/today/HDFCLIFEEQN.svg,EQ,"{'symbol': 'HDFCLIFE', 'companyName': 'HDFC Life Insurance Company Limited', 'industry': 'Life Insurance', 'activeSeries': ['EQ'], 'debtSeries': [], 'isFNOSec': True, 'isCASec': False, 'isSLBSec': True, 'isDebtSec': True, 'isSuspended': False, 'tempSuspendedSeries': [], 'isETFSec': False, 'isDelisted': False, 'isin': 'INE795G01014', 'slb_isin': 'INE795G01014', 'listingDate': '2017-11-17', 'isMunicipalBond': False, 'isHybridSymbol': False, 'quotepreopenstatus': {'equityTime': '03-Apr-2025 16:00:00', 'preOpenTime': '03-Apr-2025 09:07:11', 'QuotePreOpenFlag': False}}"
0,TATASTEEL,TATASTEELEQN,153.0,155.97,152.6,153.85,154.69,-0.84,-0.54,1268744107454.32,184.6,122.62,15117526,0,2334750715.44,,16.657638136511377,-25.468928396672638,-6.05,02-Apr-2024,https://nsearchives.nseindia.com/365d/TATASTEEL-EQ.svg,03-Mar-2025,11.63,https://nsearchives.nseindia.com/30d/TATASTEEL-EQ.svg,https://nsearchives.nseindia.com/today/TATASTEELEQN.svg,EQ,"{'symbol': 'TATASTEEL', 'companyName': 'Tata Steel Limited', 'industry': 'Iron & Steel', 'activeSeries': ['EQ'], 'debtSeries': [], 'isFNOSec': True, 'isCASec': False, 'isSLBSec': True, 'isDebtSec': False, 'isSuspended': False, 'tempSuspendedSeries': ['Q1', 'B1', 'E1', 'IL'], 'isETFSec': False, 'isDelisted': False, 'isin': 'INE081A01020', 'slb_isin': 'INE081A01020', 'listingDate': '1998-11-18', 'isMunicipalBond': False, 'isHybridSymbol': False, 'quotepreopenstatus': {'equityTime': '03-Apr-2025 16:00:00', 'preOpenTime': '03-Apr-2025 09:07:11', 'QuotePreOpenFlag': False}}"
0,MARUTI,MARUTIEQN,11630.5,11802.95,11611.05,11646.0,11716.1,-70.1,-0.6,1524332543787.27,13680.0,10725.0,326624,0,3823725109.44,,14.868421052631579,-8.587412587412587,-6.66,02-Apr-2024,https://nsearchives.nseindia.com/365d/MARUTI-EQ.svg,03-Mar-2025,-0.51,https://nsearchives.nseindia.com/30d/MARUTI-EQ.svg,https://nsearchives.nseindia.com/today/MARUTIEQN.svg,EQ,"{'symbol': 'MARUTI', 'companyName': 'Maruti Suzuki India Limited', 'industry': 'Passenger Cars & Utility Vehicles', 'activeSeries': ['EQ'], 'debtSeries': [], 'isFNOSec': True, 'isCASec': False, 'isSLBSec': True, 'isDebtSec': False, 'isSuspended': False, 'tempSuspendedSeries': ['IL'], 'isETFSec': False, 'isDelisted': False, 'isin': 'INE585B01010', 'slb_isin': 'INE585B01010', 'listingDate': '2003-07-09', 'isMunicipalBond': False, 'isHybridSymbol': False, 'quotepreopenstatus': {'equityTime': '03-Apr-2025 16:00:00', 'preOpenTime': '03-Apr-2025 09:07:11', 'QuotePreOpenFlag': False}}"
0,BAJAJFINSV,BAJAJFINSVEQN,1915.0,1950.0,1904.95,1919.0,1930.95,-11.95,-0.62,1041197440803.38,2029.9,1419.05,1598430,0,3080366421.6,,5.463323316419532,-35.23131672597865,16.56,02-Apr-2024,https://nsearchives.nseindia.com/365d/BAJAJFINSV-EQ.svg,03-Mar-2025,5.03,https://nsearchives.nseindia.com/30d/BAJAJFINSV-EQ.svg,https://nsearchives.nseindia.com/today/BAJAJFINSVEQN.svg,EQ,"{'symbol': 'BAJAJFINSV', 'companyName': 'Bajaj Finserv Limited', 'industry': 'Holding Company', 'activeSeries': ['EQ'], 'debtSeries': [], 'isFNOSec': True, 'isCASec': False, 'isSLBSec': True, 'isDebtSec': False, 'isSuspended': False, 'tempSuspendedSeries': [], 'isETFSec': False, 'isDelisted': False, 'isin': 'INE918I01026', 'slb_isin': 'INE918I01026', 'listingDate': '2008-05-26', 'isMunicipalBond': False, 'isHybridSymbol': False, 'quotepreopenstatus': {'equityTime': '03-Apr-2025 16:00:00', 'preOpenTime': '03-Apr-2025 09:07:11', 'QuotePreOpenFlag': False}}"
0,BHARTIARTL,BHARTIARTLEQN,1748.0,1754.95,1735.45,1742.5,1754.6,-12.1,-0.69,4662012456161.49,1779.0,1183.1,2341989,0,4089885650.37,,2.0517144463181562,-47.28256275885387,45.22,02-Apr-2024,https://nsearchives.nseindia.com/365d/BHARTIARTL-EQ.svg,03-Mar-2025,9.95,https://nsearchives.nseindia.com/30d/BHARTIARTL-EQ.svg,https://nsearchives.nseindia.com/today/BHARTIARTLEQN.svg,EQ,"{'symbol': 'BHARTIARTL', 'companyName': 'Bharti Airtel Limited', 'industry': 'Telecom - Cellular & Fixed line services', 'activeSeries': ['EQ'], 'debtSeries': [], 'isFNOSec': True, 'isCASec': False, 'isSLBSec': True, 'isDebtSec': False, 'isSuspended': False, 'tempSuspendedSeries': ['IL'], 'isETFSec': False, 'isDelisted': False, 'isin': 'INE397D01024', 'slb_isin': 'INE397D01024', 'listingDate': '2002-02-15', 'isMunicipalBond': False, 'isHybridSymbol': False, 'quotepreopenstatus': {'equityTime': '03-Apr-2025 16:00:00', 'preOpenTime': '03-Apr-2025 09:07:11', 'QuotePreOpenFlag': False}}"
0,M&M,M&MEQN,2607.75,2652.4,2600.25,2617.0,2637.55,-20.55,-0.78,2312747260348.11,3270.95,1901.45,2361203,0,6197945366.73,,19.992662682095414,-37.63180730495149,33.75,02-Apr-2024,https://nsearchives.nseindia.com/365d/M&M-EQ.svg,03-Mar-2025,0.98,https://nsearchives.nseindia.com/30d/M&M-EQ.svg,https://nsearchives.nseindia.com/today/M&MEQN.svg,EQ,"{'symbol': 'M&M', 'companyName': 'Mahindra & Mahindra Limited', 'industry': 'Passenger Cars & Utility Vehicles', 'activeSeries': ['EQ'], 'debtSeries': [], 'isFNOSec': True, 'isCASec': False, 'isSLBSec': True, 'isDebtSec': False, 'isSuspended': False, 'tempSuspendedSeries': [], 'isETFSec': False, 'isDelisted': False, 'isin': 'INE101A01026', 'slb_isin': 'INE101A01026', 'listingDate': '1996-01-03', 'isMunicipalBond': False, 'isHybridSymbol': False, 'quotepreopenstatus': {'equityTime': '03-Apr-2025 16:00:00', 'preOpenTime': '03-Apr-2025 09:07:11', 'QuotePreOpenFlag': False}}"
0,SBILIFE,SBILIFEEQN,1546.0,1558.9,1540.0,1546.4,1559.85,-13.45,-0.86,691208796734.33,1936.0,1307.7,373548,0,578136504.12,,20.123966942148755,-18.25342203869389,6.07,02-Apr-2024,https://nsearchives.nseindia.com/365d/SBILIFE-EQ.svg,03-Mar-2025,10.75,https://nsearchives.nseindia.com/30d/SBILIFE-EQ.svg,https://nsearchives.nseindia.com/today/SBILIFEEQN.svg,EQ,"{'symbol': 'SBILIFE', 'companyName': 'SBI Life Insurance Company Limited', 'industry': 'Life Insurance', 'activeSeries': ['EQ'], 'debtSeries': [], 'isFNOSec': True, 'isCASec': False, 'isSLBSec': True, 'isDebtSec': False, 'isSuspended': False, 'tempSuspendedSeries': [], 'isETFSec': False, 'isDelisted': False, 'isin': 'INE123W01016', 'slb_isin': 'INE123W01016', 'listingDate': '2017-10-03', 'isMunicipalBond': False, 'isHybridSymbol': False, 'quotepreopenstatus': {'equityTime': '03-Apr-2025 16:00:00', 'preOpenTime': '03-Apr-2025 09:07:11', 'QuotePreOpenFlag': False}}"
0,APOLLOHOSP,APOLLOHOSPEQN,6675.05,6774.95,6660.05,6670.05,6732.15,-62.1,-0.92,672031866914.13,7545.35,5693.2,312519,0,2099846412.9,,11.600522175909667,-17.158188716363387,4.87,02-Apr-2024,https://nsearchives.nseindia.com/365d/APOLLOHOSP-EQ.svg,03-Mar-2025,9.1,https://nsearchives.nseindia.com/30d/APOLLOHOSP-EQ.svg,https://nsearchives.nseindia.com/today/APOLLOHOSPEQN.svg,EQ,"{'symbol': 'APOLLOHOSP', 'companyName': 'Apollo Hospitals Enterprise Limited', 'industry': 'Hospital', 'activeSeries': ['EQ'], 'debtSeries': [], 'isFNOSec': True, 'isCASec': False, 'isSLBSec': True, 'isDebtSec': False, 'isSuspended': False, 'tempSuspendedSeries': [], 'isETFSec': False, 'isDelisted': False, 'isin': 'INE437A01024', 'slb_isin': 'INE437A01024', 'listingDate': '1996-01-10', 'isMunicipalBond': False, 'isHybridSymbol': False, 'quotepreopenstatus': {'equityTime': '03-Apr-2025 16:00:00', 'preOpenTime': '03-Apr-2025 09:07:11', 'QuotePreOpenFlag': False}}"
0,KOTAKBANK,KOTAKBANKEQN,2129.0,2151.7,2127.15,2133.0,2154.6,-21.6,-1.0,3127826854445.94,2202.5,1543.85,1694038,0,3617736731.66,,3.155505107832009,-38.16109077954465,22.6,02-Apr-2024,https://nsearchives.nseindia.com/365d/KOTAKBANK-EQ.svg,03-Mar-2025,12.54,https://nsearchives.nseindia.com/30d/KOTAKBANK-EQ.svg,https://nsearchives.nseindia.com/today/KOTAKBANKEQN.svg,EQ,"{'symbol': 'KOTAKBANK', 'companyName': 'Kotak Mahindra Bank Limited', 'industry': 'Private Sector Bank', 'activeSeries': ['EQ'], 'debtSeries': [], 'isFNOSec': True, 'isCASec': False, 'isSLBSec': True, 'isDebtSec': False, 'isSuspended': False, 'tempSuspendedSeries': ['IL'], 'isETFSec': False, 'isDelisted': False, 'isin': 'INE237A01028', 'slb_isin': 'INE237A01028', 'listingDate': '1995-12-20', 'isMunicipalBond': False, 'isHybridSymbol': False, 'quotepreopenstatus': {'equityTime': '03-Apr-2025 16:00:00', 'preOpenTime': '03-Apr-2025 09:07:11', 'QuotePreOpenFlag': False}}"
0,HEROMOTOCO,HEROMOTOCOEQN,3780.0,3807.1,3735.65,3745.0,3783.95,-38.95,-1.03,484817264976.33,6246.25,3461.6,339509,0,1276784706.12,,40.04402641584951,-8.186965565056623,-17.03,02-Apr-2024,https://nsearchives.nseindia.com/365d/HEROMOTOCO-EQ.svg,03-Mar-2025,4.22,https://nsearchives.nseindia.com/30d/HEROMOTOCO-EQ.svg,https://nsearchives.nseindia.com/today/HEROMOTOCOEQN.svg,EQ,"{'symbol': 'HEROMOTOCO', 'companyName': 'Hero MotoCorp Limited', 'industry': '2/3 Wheelers', 'activeSeries': ['EQ'], 'debtSeries': [], 'isFNOSec': True, 'isCASec': False, 'isSLBSec': True, 'isDebtSec': False, 'isSuspended': False, 'tempSuspendedSeries': [], 'isETFSec': False, 'isDelisted': False, 'isin': 'INE158A01026', 'slb_isin': 'INE158A01026', 'listingDate': '2003-04-11', 'isMunicipalBond': False, 'isHybridSymbol': False, 'quotepreopenstatus': {'equityTime': '03-Apr-2025 16:00:00', 'preOpenTime': '03-Apr-2025 09:07:11', 'QuotePreOpenFlag': False}}"
0,BAJFINANCE,BAJFINANCEEQN,8650.0,8765.0,8460.2,8570.0,8669.25,-99.25,-1.14,2235000182162.96,9260.05,6375.7,1396633,0,12007552217.5,,7.451903607431918,-34.4166130777797,20.28,02-Apr-2024,https://nsearchives.nseindia.com/365d/BAJFINANCE-EQ.svg,03-Mar-2025,0.48,https://nsearchives.nseindia.com/30d/BAJFINANCE-EQ.svg,https://nsearchives.nseindia.com/today/BAJFINANCEEQN.svg,EQ,"{'symbol': 'BAJFINANCE', 'companyName': 'Bajaj Finance Limited', 'industry': 'Non Banking Financial Company (NBFC)', 'activeSeries': ['EQ'], 'debtSeries': [], 'isFNOSec': True, 'isCASec': False, 'isSLBSec': True, 'isDebtSec': False, 'isSuspended': False, 'tempSuspendedSeries': ['W1', 'N1'], 'isETFSec': False, 'isDelisted': False, 'isin': 'INE296A01024', 'slb_isin': 'INE296A01024', 'listingDate': '2003-04-01', 'isMunicipalBond': False, 'isHybridSymbol': False, 'quotepreopenstatus': {'equityTime': '03-Apr-2025 16:00:00', 'preOpenTime': '03-Apr-2025 09:07:11', 'QuotePreOpenFlag': False}}"
0,JSWSTEEL,JSWSTEELEQN,1045.0,1055.8,1041.55,1043.05,1055.9,-12.85,-1.22,986933846825.23,1074.9,823.8,1607693,0,1684733648.56,,2.9630663317518033,-26.61446953143967,20.09,02-Apr-2024,https://nsearchives.nseindia.com/365d/JSWSTEEL-EQ.svg,03-Mar-2025,8.18,https://nsearchives.nseindia.com/30d/JSWSTEEL-EQ.svg,https://nsearchives.nseindia.com/today/JSWSTEELEQN.svg,EQ,"{'symbol': 'JSWSTEEL', 'companyName': 'JSW Steel Limited', 'industry': 'Iron & Steel', 'activeSeries': ['EQ', 'T0'], 'debtSeries': [], 'isFNOSec': True, 'isCASec': False, 'isSLBSec': True, 'isDebtSec': False, 'isSuspended': False, 'tempSuspendedSeries': ['P1', 'P2'], 'isETFSec': False, 'isDelisted': False, 'isin': 'INE019A01038', 'slb_isin': 'INE019A01038', 'listingDate': '2005-03-23', 'isMunicipalBond': False, 'isHybridSymbol': False, 'quotepreopenstatus': {'equityTime': '03-Apr-2025 16:00:00', 'preOpenTime': '03-Apr-2025 09:07:11', 'QuotePreOpenFlag': False}}"
0,HINDALCO,HINDALCOEQN,658.0,658.0,647.6,653.1,661.2,-8.1,-1.23,943010581686.11,772.65,557.6,5646497,0,3688348305.37,,15.472723742962527,-17.126972740315637,15.76,02-Apr-2024,https://nsearchives.nseindia.com/365d/HINDALCO-EQ.svg,03-Mar-2025,3.87,https://nsearchives.nseindia.com/30d/HINDALCO-EQ.svg,https://nsearchives.nseindia.com/today/HINDALCOEQN.svg,EQ,"{'symbol': 'HINDALCO', 'companyName': 'Hindalco Industries Limited', 'industry': 'Aluminium', 'activeSeries': ['EQ', 'T0'], 'debtSeries': [], 'isFNOSec': True, 'isCASec': False, 'isSLBSec': True, 'isDebtSec': False, 'isSuspended': False, 'tempSuspendedSeries': ['P1', 'E2', 'E1'], 'isETFSec': False, 'isDelisted': False, 'isin': 'INE038A01020', 'slb_isin': 'INE038A01020', 'listingDate': '1997-01-08', 'isMunicipalBond': False, 'isHybridSymbol': False, 'quotepreopenstatus': {'equityTime': '03-Apr-2025 16:00:00', 'preOpenTime': '03-Apr-2025 09:07:11', 'QuotePreOpenFlag': False}}"
0,BAJAJ-AUTO,BAJAJ-AUTOEQN,7940.05,7940.05,7840.0,7909.75,8072.95,-163.2,-2.02,874818157384.93,12774.0,7301.0,470005,0,3710355771.45,,38.079301706591515,-8.337898917956444,-12.97,02-Apr-2024,https://nsearchives.nseindia.com/365d/BAJAJ-AUTO-EQ.svg,03-Mar-2025,4.64,https://nsearchives.nseindia.com/30d/BAJAJ-AUTO-EQ.svg,https://nsearchives.nseindia.com/today/BAJAJ-AUTOEQN.svg,EQ,"{'symbol': 'BAJAJ-AUTO', 'companyName': 'Bajaj Auto Limited', 'industry': '2/3 Wheelers', 'activeSeries': ['EQ', 'T0'], 'debtSeries': [], 'isFNOSec': True, 'isCASec': False, 'isSLBSec': True, 'isDebtSec': False, 'isSuspended': False, 'tempSuspendedSeries': [], 'isETFSec': False, 'isDelisted': False, 'isin': 'INE917I01010', 'slb_isin': 'INE917I01010', 'listingDate': '2008-05-26', 'isMunicipalBond': False, 'isHybridSymbol': False, 'quotepreopenstatus': {'equityTime': '03-Apr-2025 16:00:00', 'preOpenTime': '03-Apr-2025 09:07:11', 'QuotePreOpenFlag': False}}"
0,TATAMOTORS,TATAMOTORSEQN,660.0,669.0,652.5,655.55,671.9,-16.35,-2.43,1364404798914.82,1179.0,606.3,13473832,0,8880333194.56,,44.3977947413062,-8.123041398647535,-33.12,02-Apr-2024,https://nsearchives.nseindia.com/365d/TATAMOTORS-EQ.svg,03-Mar-2025,8.17,https://nsearchives.nseindia.com/30d/TATAMOTORS-EQ.svg,https://nsearchives.nseindia.com/today/TATAMOTORSEQN.svg,EQ,"{'symbol': 'TATAMOTORS', 'companyName': 'Tata Motors Limited', 'industry': 'Passenger Cars & Utility Vehicles', 'activeSeries': ['EQ'], 'debtSeries': [], 'isFNOSec': True, 'isCASec': False, 'isSLBSec': True, 'isDebtSec': False, 'isSuspended': False, 'tempSuspendedSeries': [], 'isETFSec': False, 'isDelisted': False, 'isin': 'INE155A01022', 'slb_isin': 'INE155A01022', 'listingDate': '1998-07-22', 'isMunicipalBond': False, 'isHybridSymbol': False, 'quotepreopenstatus': {'equityTime': '03-Apr-2025 16:00:00', 'preOpenTime': '03-Apr-2025 09:07:11', 'QuotePreOpenFlag': False}}"
0,WIPRO,WIPROEQN,259.9,260.5,255.3,256.65,263.6,-6.95,-2.64,727026491136.84,324.6,208.5,12262561,0,3156505827.01,,20.93345656192238,-23.093525179856105,-45.22,02-Apr-2024,https://nsearchives.nseindia.com/365d/WIPRO-EQ.svg,03-Mar-2025,-7.04,https://nsearchives.nseindia.com/30d/WIPRO-EQ.svg,https://nsearchives.nseindia.com/today/WIPROEQN.svg,EQ,"{'symbol': 'WIPRO', 'companyName': 'Wipro Limited', 'industry': 'Computers - Software & Consulting', 'activeSeries': ['EQ'], 'debtSeries': [], 'isFNOSec': True, 'isCASec': False, 'isSLBSec': True, 'isDebtSec': False, 'isSuspended': False, 'tempSuspendedSeries': [], 'isETFSec': False, 'isDelisted': False, 'isin': 'INE075A01022', 'slb_isin': 'INE075A01022', 'listingDate': '1995-11-08', 'isMunicipalBond': False, 'isHybridSymbol': False, 'quotepreopenstatus': {'equityTime': '03-Apr-2025 16:00:00', 'preOpenTime': '03-Apr-2025 09:07:11', 'QuotePreOpenFlag': False}}"
0,ONGC,ONGCEQN,248.0,249.62,242.51,243.59,250.64,-7.05,-2.81,943580964232.96,345.0,215.48,11141370,0,2725401929.4,,29.394202898550724,-13.045294226842405,-8.02,02-Apr-2024,https://nsearchives.nseindia.com/365d/ONGC-EQ.svg,03-Mar-2025,11.33,https://nsearchives.nseindia.com/30d/ONGC-EQ.svg,https://nsearchives.nseindia.com/today/ONGCEQN.svg,EQ,"{'symbol': 'ONGC', 'companyName': 'Oil & Natural Gas Corporation Limited', 'industry': 'Oil Exploration & Production', 'activeSeries': ['EQ', 'T0'], 'debtSeries': [], 'isFNOSec': True, 'isCASec': False, 'isSLBSec': True, 'isDebtSec': False, 'isSuspended': False, 'tempSuspendedSeries': [], 'isETFSec': False, 'isDelisted': False, 'isin': 'INE213A01029', 'slb_isin': 'INE213A01029', 'listingDate': '1995-07-19', 'isMunicipalBond': False, 'isHybridSymbol': False, 'quotepreopenstatus': {'equityTime': '03-Apr-2025 16:00:00', 'preOpenTime': '03-Apr-2025 09:07:11', 'QuotePreOpenFlag': False}}"
0,INFY,INFYEQN,1534.65,1534.65,1485.05,1495.8,1550.15,-54.35,-3.51,5370782337570.53,2006.45,1358.35,10459504,0,15687059504.16,,25.45042238779935,-10.118894246696362,4.54,02-Apr-2024,https://nsearchives.nseindia.com/365d/INFY-EQ.svg,03-Mar-2025,-9.27,https://nsearchives.nseindia.com/30d/INFY-EQ.svg,https://nsearchives.nseindia.com/today/INFYEQN.svg,EQ,"{'symbol': 'INFY', 'companyName': 'Infosys Limited', 'industry': 'Computers - Software & Consulting', 'activeSeries': ['EQ'], 'debtSeries': [], 'isFNOSec': True, 'isCASec': False, 'isSLBSec': True, 'isDebtSec': False, 'isSuspended': False, 'tempSuspendedSeries': [], 'isETFSec': False, 'isDelisted': False, 'isin': 'INE009A01021', 'slb_isin': 'INE009A01021', 'listingDate': '1995-02-08', 'isMunicipalBond': False, 'isHybridSymbol': False, 'quotepreopenstatus': {'equityTime': '03-Apr-2025 16:00:00', 'preOpenTime': '03-Apr-2025 09:07:11', 'QuotePreOpenFlag': False}}"
0,TECHM,TECHMEQN,1397.0,1400.0,1360.25,1370.0,1423.05,-53.05,-3.73,866612762324.05,1807.7,1162.95,1943422,0,2676539081.06,,24.21308845494275,-17.80386087106066,15.06,02-Apr-2024,https://nsearchives.nseindia.com/365d/TECHM-EQ.svg,03-Mar-2025,-4.69,https://nsearchives.nseindia.com/30d/TECHM-EQ.svg,https://nsearchives.nseindia.com/today/TECHMEQN.svg,EQ,"{'symbol': 'TECHM', 'companyName': 'Tech Mahindra Limited', 'industry': 'Computers - Software & Consulting', 'activeSeries': ['EQ'], 'debtSeries': [], 'isFNOSec': True, 'isCASec': False, 'isSLBSec': True, 'isDebtSec': False, 'isSuspended': False, 'tempSuspendedSeries': [], 'isETFSec': False, 'isDelisted': False, 'isin': 'INE669C01036', 'slb_isin': 'INE669C01036', 'listingDate': '2006-08-28', 'isMunicipalBond': False, 'isHybridSymbol': False, 'quotepreopenstatus': {'equityTime': '03-Apr-2025 16:00:00', 'preOpenTime': '03-Apr-2025 09:07:11', 'QuotePreOpenFlag': False}}"
0,HCLTECH,HCLTECHEQN,1500.0,1500.0,1465.0,1468.4,1527.55,-59.15,-3.87,1553301740301.43,2012.2,1235.0,3966161,0,5859011337.25,,27.025146605705196,-18.89878542510122,-0.05,02-Apr-2024,https://nsearchives.nseindia.com/365d/HCLTECH-EQ.svg,03-Mar-2025,-2.85,https://nsearchives.nseindia.com/30d/HCLTECH-EQ.svg,https://nsearchives.nseindia.com/today/HCLTECHEQN.svg,EQ,"{'symbol': 'HCLTECH', 'companyName': 'HCL Technologies Limited', 'industry': 'Computers - Software & Consulting', 'activeSeries': ['EQ'], 'debtSeries': [], 'isFNOSec': True, 'isCASec': False, 'isSLBSec': True, 'isDebtSec': False, 'isSuspended': False, 'tempSuspendedSeries': [], 'isETFSec': False, 'isDelisted': False, 'isin': 'INE860A01027', 'slb_isin': 'INE860A01027', 'listingDate': '2000-01-06', 'isMunicipalBond': False, 'isHybridSymbol': False, 'quotepreopenstatus': {'equityTime': '03-Apr-2025 16:00:00', 'preOpenTime': '03-Apr-2025 09:07:11', 'QuotePreOpenFlag': False}}"
0,TCS,TCSEQN,3491.0,3502.0,3396.15,3403.3,3543.95,-140.65,-3.97,3466429600873.65,4592.25,3396.15,4537821,0,15531781449.54,,25.89035875660079,-0.21053251475936255,-8.75,02-Apr-2024,https://nsearchives.nseindia.com/365d/TCS-EQ.svg,03-Mar-2025,1.46,https://nsearchives.nseindia.com/30d/TCS-EQ.svg,https://nsearchives.nseindia.com/today/TCSEQN.svg,EQ,"{'symbol': 'TCS', 'companyName': 'Tata Consultancy Services Limited', 'industry': 'Computers - Software & Consulting', 'activeSeries': ['EQ'], 'debtSeries': [], 'isFNOSec': True, 'isCASec': False, 'isSLBSec': True, 'isDebtSec': False, 'isSuspended': False, 'tempSuspendedSeries': [], 'isETFSec': False, 'isDelisted': False, 'isin': 'INE467B01029', 'slb_isin': 'INE467B01029', 'listingDate': '2004-08-25', 'isMunicipalBond': False, 'isHybridSymbol': False, 'quotepreopenstatus': {'equityTime': '03-Apr-2025 16:00:00', 'preOpenTime': '03-Apr-2025 09:07:11', 'QuotePreOpenFlag': False}}"
